[
    {
      "id": 1,
      "name": "Airdrop Contract",
      "value": "0xf1891ead1538ad58d361aeae45611b2c415a6194"
    },
    {
      "id": 2,
      "name": "Airdrop Fee in Wei",
      "value": "5000000000000000"
    },
    {
      "id": 3,
      "name": "Title",
      "value": "Cold Pepe 🐸 Airdrop"
    },
    {
      "id": 4,
      "name": "Description",
      "value": "Get 3 Billion Token On Every Claim. You Need 9 Billon Token For 500$ NFT"
    },
    {
      "id": 5,
      "name": "Token Contract",
      "value": "SECURED 🔒"
    },
    {
      "id": 6,
      "name": "Token Symbol",
      "value": ""
    },
    {
      "id": 7,
      "name": "Airdrop Amount",
      "value": "3 Billion"
    },
    {
      "id": 8,
      "name": "Airdrop Type: single or multi",
      "value": "multi"
    },
    {
      "id": 9,
      "name": "Owner Wallet",
      "value": "0xEf1fed65EF2F43934e3912f2Ca9b1cbdC70BE191"
    },
    {
      "id": 10,
      "name": "Chain Name",
      "value": "Binance Smart Chain"
    },
    {
      "id": 11,
      "name": "Chain ID",
      "value": "56"
    }
    
  ]